Climateclass,IGBP,MAP,MAT,canopyH_Lang,sd_Lang,site_ID,source,timestamp,.geo
Dfa,DBF,849,10.1,24.74551375,6.518326293,US-Oho,AmeriFlux_FLUXNET,1577836800000,"{""type"":""Polygon"",""coordinates"":[[[-83.84380378368378,41.56349981514628],[-83.85093891655673,41.561744815767334],[-83.8552905335101,41.557164491911664],[-83.85516183627698,41.55154552722984],[-83.85060402720508,41.54707930496941],[-83.84339491778545,41.54550728692369],[-83.83634520817347,41.54744235700463],[-83.83220351407716,41.552130082390406],[-83.832585491946,41.557742598205266],[-83.8373431762412,41.56209098486295],[-83.84380378368378,41.56349981514628]]]}"
Dfa,GRA,879,6.4,7.530434697,4.73316235,US-Ro4,AmeriFlux_FLUXNET,1577836800000,"{""type"":""Polygon"",""coordinates"":[[[-93.07230581468272,44.68710010308511],[-93.07981489407484,44.68534507822884],[-93.08439447675718,44.68076471382063],[-93.08425891567445,44.67514575061076],[-93.07946226586162,44.67067956976697],[-93.0718755329417,44.669107574778856],[-93.06445654193803,44.67104261710466],[-93.06009779417455,44.67573030298842],[-93.06049966585392,44.68134282316447],[-93.0655066078431,44.68569125191379],[-93.07230581468272,44.68710010308511]]]}"
Dfa,DBF,1138,11.04,22.39228506,5.958072104,US-Slt,AmeriFlux_BASE,1577836800000,"{""type"":""Polygon"",""coordinates"":[[[-74.59600276332552,39.92280033713718],[-74.60296402972021,39.921045350168605],[-74.6072096526575,39.91646504606707],[-74.6070841451838,39.910846080668684],[-74.6026373855492,39.90637983823319],[-74.59560385489249,39.90480780895534],[-74.58872584522024,39.906742892556714],[-74.58468507037595,39.91143063718483],[-74.58505779694111,39.91704315087477],[-74.58969958765628,39.92139151702869],[-74.59600276332552,39.92280033713718]]]}"
Dfb,DBF,876.34,6.66,23.1738553,5.729465759,CA-Cbo,AmeriFlux_FLUXNET,1577836800000,"{""type"":""Polygon"",""coordinates"":[[[-79.93329701464124,44.32569888090543],[-79.9407596851459,44.32394385913372],[-79.94531097622341,44.31936349963517],[-79.94517626726818,44.313744536247015],[-79.94040925887529,44.30927835038896],[-79.93286939069806,44.30770635260931],[-79.92549622916248,44.30964139829537],[-79.92116441897002,44.31432908896162],[-79.92156382201462,44.31994160860973],[-79.92653982992047,44.324290032263036],[-79.93329701464124,44.32569888090543]]]}"
Dfb,MF,831,1.3,18.45836852,5.153446124,CA-Gro,AmeriFlux_FLUXNET,1577836800000,"{""type"":""Polygon"",""coordinates"":[[[-82.15560150215234,48.22570000786605],[-82.16361506157355,48.2239449505988],[-82.16850217848587,48.219364534603216],[-82.16835734859278,48.21374557326773],[-82.16323848820419,48.20927944511049],[-82.15514232988498,48.20770747945339],[-82.14722516667061,48.209642486472546],[-82.14257359901717,48.21433012210507],[-82.14300229935655,48.219942647827175],[-82.14834550070665,48.22429113012204],[-82.15560150215234,48.22570000786605]]]}"
Dfb,ENF,570,2,10.07556368,6.90433239,CA-LP1,AmeriFlux_FLUXNET,1577836800000,"{""type"":""Polygon"",""coordinates"":[[[-122.84139822051903,55.12089714883049],[-122.8507338795802,55.11914201318543],[-122.85642690825883,55.11456147244603],[-122.85625772912223,55.108942515651776],[-122.85029446075157,55.10447651489605],[-122.84086334046516,55.10290462016052],[-122.83164070087923,55.104839541808914],[-122.82622173954749,55.10952705592747],[-122.8267206887665,55.115139595051865],[-122.83294508739033,55.119488206826915],[-122.84139822051903,55.12089714883049]]]}"
Dfb,ENF,1036,8,21.0625008,5.023228319,CA-TP3,AmeriFlux_FLUXNET,1577836800000,"{""type"":""Polygon"",""coordinates"":[[[-80.34829663148334,42.71579841387249],[-80.3555627933631,42.7140434053951],[-80.35999428885582,42.70946306705719],[-80.35986318713734,42.70384410290089],[-80.35522168930686,42.69937789543129],[-80.34788026151966,42.697805885620035],[-80.340701156631,42.6997409457889],[-80.33648340796086,42.70442865706764],[-80.33687235712681,42.710041174440114],[-80.34171738051064,42.714389576129655],[-80.34829663148334,42.71579841387249]]]}"
Dfb,WET,NA,NA,22.47678723,5.113742244,US-ALQ,AmeriFlux_FLUXNET,1577836800000,"{""type"":""Polygon"",""coordinates"":[[[-89.60669693504565,46.03979962135529],[-89.61438773004195,46.03804458460186],[-89.61907808877447,46.03346420125716],[-89.61893919030828,46.02784523873509],[-89.6140264787074,46.023379077231276],[-89.6062562466943,46.02180709301],[-89.59865781016605,46.02374212237544],[-89.59419358747742,46.028429789813195],[-89.5946051242869,46.03404231202531],[-89.59973318911582,46.03839076042989],[-89.60669693504565,46.03979962135529]]]}"
Dfb,ENF,1070,5.27,18.70600439,4.968328864,US-Ho1,AmeriFlux_FLUXNET,1577836800000,"{""type"":""Polygon"",""coordinates"":[[[-68.740195323313,45.21310012245065],[-68.74777353234563,45.211345093035504],[-68.75239525743534,45.206764721371],[-68.75225842688147,45.20114575842465],[-68.7474176239138,45.19667958499178],[-68.73976108259268,45.19510759412943],[-68.73227382529355,45.19704263148892],[-68.72787495193944,45.201730310304335],[-68.72828050067208,45.207342831260625],[-68.73333352125947,45.21169126754166],[-68.740195323313,45.21310012245065]]]}"
Dfb,ENF,1064,5.13,18.94722431,5.024730756,US-Ho2,AmeriFlux_FLUXNET,1577836800000,"{""type"":""Polygon"",""coordinates"":[[[-68.74699991152056,45.21809877473156],[-68.75457878668138,45.216343745272695],[-68.75920091785149,45.21176337353858],[-68.75906407506412,45.20614441059476],[-68.7542228466401,45.20167823723297],[-68.7465656326519,45.20010624641021],[-68.73907771754523,45.20204128372206],[-68.73467845754391,45.20672896246968],[-68.73508404170735,45.21234148343345],[-68.74013750630405,45.21668991978673],[-68.74699991152056,45.21809877473156]]]}"
Dfb,MF,826,3.81,22.41960436,5.678781642,US-Syv,AmeriFlux_FLUXNET,1577836800000,"{""type"":""Polygon"",""coordinates"":[[[-89.3477034276594,46.2510004836507],[-89.35542378375582,46.249245444987295],[-89.36013216318581,46.24466505860254],[-89.35999272166931,46.239046096190904],[-89.3550611294224,46.23457993779193],[-89.34726104639714,46.23300795529913],[-89.33963341826926,46.23494298258394],[-89.33515203715898,46.239630647060395],[-89.3355651461317,46.245243169599355],[-89.34071291486278,46.24959162115937],[-89.3477034276594,46.2510004836507]]]}"
Dfb,DBF,803,5.83,16.79942195,7.734252589,US-UMB,AmeriFlux_FLUXNET,1577836800000,"{""type"":""Polygon"",""coordinates"":[[[-84.71379669471634,45.56879815438296],[-84.72142274425188,45.56704312183692],[-84.7260736334932,45.562462745189016],[-84.7259359242986,45.55684378242366],[-84.72106456559428,45.55237761408038],[-84.71335971423457,45.55080562605148],[-84.7058252140848,45.552740660000275],[-84.70139857221055,45.55742833396136],[-84.7018066654909,45.56304085545348],[-84.7068915742429,45.567389296907066],[-84.71379669471634,45.56879815438296]]]}"
Dfb,DBF,803,5.83,21.07202542,6.309523969,US-UMd,AmeriFlux_FLUXNET,1577836800000,"{""type"":""Polygon"",""coordinates"":[[[-84.69750313946705,45.571500369621354],[-84.70512955588309,45.56974533705138],[-84.70978066877892,45.56516496036537],[-84.70964295284581,45.55954599760141],[-84.70477135981494,45.55507982929702],[-84.69706613797456,45.553507841289786],[-84.68953127552814,45.555442875212506],[-84.68510442070196,45.560130549136495],[-84.68551253349563,45.5657430706327],[-84.69059768679215,45.57009151212582],[-84.69750313946705,45.571500369621354]]]}"
Dfb,WET,943,6,9.385283598,6.060005509,CA-Mer,AmeriFlux_BASE,1577836800000,"{""type"":""Polygon"",""coordinates"":[[[-75.51859968948557,45.41840159405235],[-75.52620540176916,45.41664656283493],[-75.53084389318444,45.412066188301765],[-75.53070655751635,45.40644722545961],[-75.52584818821502,45.4019810549565],[-75.51816387368972,45.40040906572521],[-75.51064945670825,45.402344101121365],[-75.50623461937853,45.40703177714243],[-75.50664163097045,45.41264429840716],[-75.51171298390297,45.41699273766573],[-75.51859968948557,45.41840159405235]]]}"
Dfb,ENF,1036,8,21.14713721,5.059344776,CA-TP4,AmeriFlux_BASE,1577836800000,"{""type"":""Polygon"",""coordinates"":[[[-80.35739765673343,42.71920070797628],[-80.36466421699613,42.71744569947151],[-80.36909595535224,42.71286536109006],[-80.36896484632221,42.70724639693533],[-80.36432309404317,42.70278018951021],[-80.35698126395435,42.70120817972372],[-80.34980176565138,42.703143239862776],[-80.34558378574363,42.70783095109908],[-80.34597275610429,42.71344346847626],[-80.35081804503479,42.717791870211],[-80.35739765673343,42.71920070797628]]]}"
Dfb,WET,828,4.08,15.51509142,6.233743433,US-Los,AmeriFlux_BASE,1577836800000,"{""type"":""Polygon"",""coordinates"":[[[-89.97920131884841,46.091699098516365],[-89.98689934735971,46.089944061294936],[-89.99159411570726,46.08536367720535],[-89.99145508436172,46.07974471471032],[-89.98653775272092,46.07527855396727],[-89.97876021624634,46.07370657016952],[-89.97115463661326,46.075641599025154],[-89.96668621530864,46.08032926573732],[-89.96709813682556,46.08594178802954],[-89.97223102314447,46.09029023720726],[-89.97920131884841,46.091699098516365]]]}"
Dfb,MF,823,4.33,20.22737972,5.290089924,US-PFa,AmeriFlux_BASE,1577836800000,"{""type"":""Polygon"",""coordinates"":[[[-90.27230249019246,45.95489833729769],[-90.27998149486051,45.95314330130793],[-90.28466466610013,45.94856291917878],[-90.28452598421691,45.94294395661254],[-90.27962080308995,45.938477793867285],[-90.27186247705308,45.93690580895488],[-90.26427568349588,45.938840839152256],[-90.25981830437692,45.94352850777407],[-90.26022921412422,45.94914102985552],[-90.26534942012158,45.9534894769984],[-90.27230249019246,45.95489833729769]]]}"
Dfb,DBF,787,4.02,19.65254888,9.883963549,US-WCr,AmeriFlux_BASE,1577836800000,"{""type"":""Polygon"",""coordinates"":[[[-90.07990119793837,45.8149004006237],[-90.08756087635373,45.81314536588813],[-90.09223226612067,45.80856498575522],[-90.09209393923908,45.80294602311646],[-90.0872011017787,45.79847985833243],[-90.0794622915818,45.79690787228502],[-90.07189458275539,45.79884290384863],[-90.06744842135365,45.80353057441499],[-90.06785830323116,45.80914309628181],[-90.07296562732445,45.813491541352676],[-90.07990119793837,45.8149004006237]]]}"
Dfb,ENF,1316,6.7,28.76771916,9.216438203,CZ-BK1,EuropFlux_FLUXNET2023,1577836800000,"{""type"":""Polygon"",""coordinates"":[[[18.53688439826933,49.511076018431304],[18.528662312345595,49.50932094826595],[18.52364807917225,49.50474051174142],[18.52379674370687,49.49912155115242],[18.529048788768545,49.49465544396153],[18.53735551206225,49.49308348997631],[18.545478589091246,49.49501848294564],[18.550251193398825,49.49970609858085],[18.54981140701712,49.50531862650941],[18.54432921559781,49.50966713011255],[18.53688439826933,49.511076018431304]]]}"
Dfb,MF,550,9.3,24.27074825,8.002902689,CZ-Lnz,EuropFlux_FLUXNET2023,1577836800000,"{""type"":""Polygon"",""coordinates"":[[[16.946331970707288,48.69054791538463],[16.938244699975794,48.68879285352901],[16.933312648980753,48.68421243023043],[16.9334588341322,48.678593469160454],[16.938624773569344,48.674127348461816],[16.946795364167855,48.6725553869569],[16.95478531551558,48.67449038897794],[16.959479668014488,48.679178017496604],[16.959047048659944,48.68479054400367],[16.953654716016274,48.68913903387876],[16.946331970707288,48.69054791538463]]]}"
Dfb,ENF,843,8.2,29.19259893,8.595847941,DE-Tha,EuropFlux_FLUXNET2023,1577836800000,"{""type"":""Polygon"",""coordinates"":[[[13.565151710416151,50.97155646826434],[13.556673789332056,50.96980138259494],[13.551503603275815,50.96522092139415],[13.551656975299062,50.9596019617029],[13.557072420064593,50.95513587971402],[13.565637474620802,50.95356393975843],[13.574013176826032,50.95549891583981],[13.578934277295154,50.960186507437754],[13.578480892800158,50.96579903801806],[13.57282818061528,50.9701475672343],[13.565151710416151,50.97155646826434]]]}"
Dfb,GRA,1214,5.1,13.78326926,7.150200012,IT-MBo,EuropFlux_FLUXNET2023,1577836800000,"{""type"":""Polygon"",""coordinates"":[[[11.045830960836085,46.02367551194603],[11.038142409094695,46.02192047533782],[11.033453417870676,46.01734009222426],[11.03359227512883,46.01172112969379],[11.038503553964583,46.007254967953905],[11.046271520720094,46.005682983601204],[11.05386774203069,46.007618013124855],[11.058330662646076,46.01230568078776],[11.057919245142399,46.01791820297503],[11.05279267555247,46.02226665113969],[11.045830960836085,46.02367551194603]]]}"
Dfb,ENF,707,7.4,22.15922165,8.362316557,SE-Htm,EuropFlux_FLUXNET2023,1577836800000,"{""type"":""Polygon"",""coordinates"":[[[13.418969000581033,56.10663048680629],[13.409395672995743,56.10487533774376],[13.403557776847045,56.10029477565053],[13.40373134280122,56.094675819634894],[13.409846404523329,56.09020984068791],[13.419517489305285,56.08863795809228],[13.428974793845533,56.09057286512743],[13.434531705696072,56.0952603584449],[13.43402013829261,56.10087289986228],[13.427637337589815,56.10522153380213],[13.418969000581033,56.10663048680629]]]}"
Dfb,ENF,527,5.5,19.19398037,8.157567863,SE-Nor,EuropFlux_FLUXNET2023,1577836800000,"{""type"":""Polygon"",""coordinates"":[[[17.47950222456676,60.09549703866102],[17.468794264887052,60.093741827369485],[17.46226480523505,60.08916116624301],[17.462459356349417,60.08354221384316],[17.46929907030897,60.07907633603904],[17.48011567677409,60.07750450974276],[17.49069320717604,60.07943934900812],[17.496908692988455,60.08412674585522],[17.49633693097503,60.08973929790218],[17.489197948721234,60.09408803463699],[17.47950222456676,60.09549703866102]]]}"
Dfb,GRA,1651,7.2,16.22176883,6.951401004,CH-Fru,EuropFlux_FLUXNET2020,1577836800000,"{""type"":""Polygon"",""coordinates"":[[[8.537778359618075,47.124832680690275],[8.529932095120383,47.12307763396499],[8.525146961217827,47.11849723474847],[8.52528871615538,47.11287827280309],[8.530300725866626,47.10841212750929],[8.53822795138252,47.10684015231224],[8.545979913434731,47.10877517081493],[8.550534376684828,47.11346282279196],[8.550114571912513,47.11907534671041],[8.544882879465765,47.12342381158928],[8.537778359618075,47.124832680690275]]]}"
Dfb,ENF,681,7.1,17.59647961,7.571820633,CZ-RAJ,EuropFlux_FLUXNET2020,1577836800000,"{""type"":""Polygon"",""coordinates"":[[[16.696510834187983,49.45272422204591],[16.688298539811846,49.45096915248065],[16.683290275456987,49.44638871691126],[16.683438759886098,49.44076975628751],[16.688684551154758,49.43630364812115],[16.696981387260816,49.43473169359288],[16.70509479549688,49.43666668721589],[16.709861716424204,49.4413543037815],[16.709422450548477,49.44696683160741],[16.703946785496917,49.45131533421915],[16.696510834187983,49.45272422204591]]]}"
Dfb,DBF,685,8.7,23.99904639,9.673699515,CZ-Stn,EuropFlux_FLUXNET2020,1577836800000,"{""type"":""Polygon"",""coordinates"":[[[17.969900781121577,49.04497510351672],[17.961756028002405,49.04322003810537],[17.95678893615114,49.038639609147396],[17.95693617835361,49.03302064828322],[17.962138831461324,49.02855453336455],[17.970367466382086,49.02698257507732],[17.97841417991338,49.028917573225115],[17.983141897360568,49.03360519623095],[17.98270622202303,49.03921772334629],[17.977275575391257,49.04356621909562],[17.969900781121577,49.04497510351672]]]}"
Dfb,WET,604,7.7,12.73842638,6.714037861,CZ-wet,EuropFlux_FLUXNET2020,1577836800000,"{""type"":""Polygon"",""coordinates"":[[[14.7703486249394,49.03364898684096],[14.762205726200627,49.03189392154402],[14.757239764764469,49.027313492768144],[14.757386972864051,49.021694531897346],[14.762588441590285,49.0172284167927],[14.770815204006777,49.01565645840193],[14.778860086395317,49.01759145667437],[14.783586727490288,49.02227907985757],[14.783151150736096,49.02789160695334],[14.777721740110806,49.03224010251366],[14.7703486249394,49.03364898684096]]]}"
Dfb,GRA,877,8.4,22.34553542,8.30707907,DE-Gri,EuropFlux_FLUXNET2020,1577836800000,"{""type"":""Polygon"",""coordinates"":[[[13.512592286299181,50.9590397716073],[13.504116649045255,50.9572846860749],[13.498947855162182,50.95270422509213],[13.49910118514754,50.94708526539294],[13.50451517125416,50.94261918318139],[13.5130779197217,50.94104724310185],[13.521451366774834,50.94298221933244],[13.526371141625818,50.94766981114276],[13.525917878505528,50.95328234169965],[13.520266688541959,50.957630870689584],[13.512592286299181,50.9590397716073]]]}"
Dfb,DBF,720,8.3,27.48069324,6.840492543,DE-Hai,EuropFlux_FLUXNET2020,1577836800000,"{""type"":""Polygon"",""coordinates"":[[[10.452088278266602,51.08840721136987],[10.443588957149144,51.086652124418066],[10.438405726108895,51.082071661176194],[10.438559492049906,51.07645270155922],[10.443988604794042,51.0719866216549],[10.452575267929676,51.070414682859756],[10.460972101427805,51.07234965754428],[10.465905623254045,51.077037247153996],[10.465451101462493,51.08264977795363],[10.459784125710383,51.086998309288425],[10.452088278266602,51.08840721136987]]]}"
Dfb,DBF,901,7.8,24.57871645,8.668608659,DE-Hzd,EuropFlux_FLUXNET2020,1577836800000,"{""type"":""Polygon"",""coordinates"":[[[13.489779525309753,50.97280947566035],[13.481301375508497,50.97105438997724],[13.476131050031265,50.96647392875461],[13.476284426264469,50.96085496906415],[13.481700017109299,50.95638888709757],[13.490265302611748,50.9548169471544],[13.49864123066211,50.956751923220835],[13.503562463886995,50.96143951479752],[13.503109067236785,50.967052045380164],[13.497456202607077,50.97140057461906],[13.489779525309753,50.97280947566035]]]}"
Dfb,ENF,996,5.5,28.36118491,8.507810421,DE-Obe,EuropFlux_FLUXNET2020,1577836800000,"{""type"":""Polygon"",""coordinates"":[[[13.721291592903613,50.79565830900905],[13.712845617331753,50.79390322525799],[13.707694904584214,50.789322767110406],[13.707847688618049,50.783703807308044],[13.713242730106465,50.779237722200904],[13.72177552776565,50.777665780509444],[13.730119685561252,50.779600758680374],[13.73502224369075,50.78428835325246],[13.73457055697264,50.78990088350469],[13.72893913716775,50.79424940955181],[13.721291592903613,50.79565830900905]]]}"
Dfb,ENF,627,4.6,21.7021881,8.091220279,FI-Let,EuropFlux_FLUXNET2020,1577836800000,"{""type"":""Polygon"",""coordinates"":[[[23.959521384646948,60.65082902475611],[23.94862937175527,60.64907380359984],[23.9419877364125,60.6444931267749],[23.942185698326238,60.63887417494894],[23.949142959307405,60.63440831317766],[23.960145374136122,60.63283649580547],[23.970904610236627,60.63477132432853],[23.977226925444196,60.63945870588335],[23.97664540609747,60.64507125961456],[23.969383765619,60.649420012644235],[23.959521384646948,60.65082902475611]]]}"
Dfb,ENF,1291,7.8,25.1797375,7.77668115,IT-Lav,EuropFlux_FLUXNET2020,1577836800000,"{""type"":""Polygon"",""coordinates"":[[[11.281320546569612,45.96519886073114],[11.273640114283134,45.96344382464888],[11.268956072753868,45.95886344237243],[11.269094780861467,45.95324447981155],[11.274000873807342,45.94877831721672],[11.281760641466299,45.94720633238805],[11.28934884479986,45.949141362484625],[11.29380705256467,45.95382903096298],[11.293396066889926,45.95944155306025],[11.288274909314682,45.963790000356],[11.281320546569612,45.96519886073114]]]}"
Dfb,ENF,711,3.9,30.28215615,7.637458373,RU-Fyo,EuropFlux_FLUXNET2020,1577836800000,"{""type"":""Polygon"",""coordinates"":[[[32.922082628818394,56.47052880557589],[32.912417741298356,56.468773651385206],[32.90652403676938,56.46419308113062],[32.90669929352252,56.45857412541266],[32.91287283223502,56.4541081548009],[32.92263636009094,56.45253627684505],[32.932184066179666,56.45447117829511],[32.937794122322444,56.45915866366247],[32.93727769471813,56.46477120595613],[32.93083387146278,56.4691198483673],[32.922082628818394,56.47052880557589]]]}"
Dfc,ENF,962.32,-0.36,12.20567734,4.898826602,CA-Qfo,AmeriFlux_FLUXNET,1577836800000,"{""type"":""Polygon"",""coordinates"":[[[-74.3421015493423,49.70150192891871],[-74.3503558119146,49.69974685678497],[-74.35538965958771,49.69516641712753],[-74.35524040316386,49.68954745665248],[-74.34996780710998,49.68508135266126],[-74.34162859293366,49.68350940045725],[-74.3334737427,49.685444391282466],[-74.3286824618653,49.690132003865905],[-74.32912395868148,49.69574453213115],[-74.3346275968027,49.70009303898615],[-74.3421015493423,49.70150192891871]]]}"
Dfc,ENF,1200,0.8,19.08948827,6.387161011,US-GLE,AmeriFlux_FLUXNET,1577836800000,"{""type"":""Polygon"",""coordinates"":[[[-106.2398974524768,41.37549965563194],[-106.24701192562283,41.37374465770654],[-106.25135094785036,41.36916433616453],[-106.25122262968813,41.36354537139876],[-106.24667801608082,41.35907914677537],[-106.2394897697718,41.357507127414124],[-106.23246046237298,41.35944219907859],[-106.22833076002787,41.364129926718086],[-106.22871163865777,41.369742442284085],[-106.23345555190497,41.374090826540325],[-106.2398974524768,41.37549965563194]]]}"
Dfc,ENF,520,-3.2,12.463557,4.824913889,CA-Man,AmeriFlux_BASE,1577836800000,"{""type"":""Polygon"",""coordinates"":[[[-98.48079853251882,55.888598281696986],[-98.49031801042115,55.886843135660826],[-98.49612308348277,55.88226257838399],[-98.4959505117367,55.87664362219271],[-98.48986984248496,55.87217763832671],[-98.48025312714752,55.8706057529929],[-98.47084899133627,55.872540663324095],[-98.46532333556733,55.877228161333306],[-98.4658320442894,55.88284070223354],[-98.47217895528163,55.88718933117405],[-98.48079853251882,55.888598281696986]]]}"
Dfc,DBF,428.53,0.34,9.444570303,7.200728637,CA-Oas,AmeriFlux_BASE,1577836800000,"{""type"":""Polygon"",""coordinates"":[[[-106.19779907943122,53.637898238677565],[-106.206803466652,53.63614312201776],[-106.21229456910555,53.63156261149377],[-106.21213149946675,53.625943653598405],[-106.20637980799042,53.62147762198354],[-106.19728316821063,53.61990571006991],[-106.1883876219176,53.62184065239621],[-106.18316094189531,53.626528195948005],[-106.1836422980927,53.63214073182722],[-106.18964590585074,53.63648931223944],[-106.19779907943122,53.637898238677565]]]}"
Dfc,ENF,405.6,0.79,12.96032318,5.394764068,CA-Obs,AmeriFlux_BASE,1577836800000,"{""type"":""Polygon"",""coordinates"":[[[-105.11779588608454,53.9962003856251],[-105.1268775841822,53.994445264502644],[-105.13241581179021,53.989864746876215],[-105.13225131686026,53.98424578923961],[-105.12645024829486,53.97977976487851],[-105.11727554794021,53.9782078570028],[-105.10830366512215,53.980142794468506],[-105.10303211122837,53.98483033110172],[-105.10351757376034,53.990442867743816],[-105.10957270918112,53.99479145552819],[-105.11779588608454,53.9962003856251]]]}"
Dfc,ENF,430.5,0.12,16.62268688,5.769220999,CA-Ojp,AmeriFlux_BASE,1577836800000,"{""type"":""Polygon"",""coordinates"":[[[-104.69200078559203,53.9253006788753],[-104.70106705229091,53.923545558641976],[-104.70659587364892,53.91896504243062],[-104.7064316632349,53.91334608474245],[-104.70064045042442,53.90888005893613],[-104.69148133106752,53.90730815025593],[-104.68252468512605,53.90924308869003],[-104.67726208814085,53.9139306267017],[-104.67774673106702,53.919543163191804],[-104.68379158148659,53.92389174950735],[-104.69200078559203,53.9253006788753]]]}"
Dfc,ENF,1062,2.8,23.85478669,9.236748198,CH-Dav,EuropFlux_FLUXNET2023,1577836800000,"{""type"":""Polygon"",""coordinates"":[[[9.855910926521945,46.82432940159751],[9.848108626639103,46.822574357674156],[9.843350293747662,46.817993962917335],[9.843491240806602,46.8123750008099],[9.84847517041959,46.80790885096136],[9.85635800053623,46.806336873228666],[9.864066547874595,46.808271894783594],[9.868595492356151,46.81295955110483],[9.868178025534801,46.81857207454385],[9.862975637457788,46.82292053479372],[9.855910926521945,46.82432940159751]]]}"
Dfc,ENF,709,3.8,20.715941,9.674958191,FI-Hyy,EuropFlux_FLUXNET2023,1577836800000,"{""type"":""Polygon"",""coordinates"":[[[24.29476997914817,61.85640496286891],[24.28345200604011,61.85464971907849],[24.276550764976253,61.85006900623484],[24.276756627880996,61.84445005572634],[24.28398592982173,61.839984230740995],[24.295418354641562,61.83841243384399],[24.306598106531663,61.84034723772019],[24.313167659848347,61.845034584188106],[24.31256356645615,61.850647141782964],[24.30501805956404,61.85499593219986],[24.29476997914817,61.85640496286891]]]}"
Dfc,WET,701,3.5,12.27798511,7.938765216,FI-Sii,EuropFlux_FLUXNET2023,1577836800000,"{""type"":""Polygon"",""coordinates"":[[[24.192848306369555,61.84164979748304],[24.181535778582397,61.83989455398036],[24.174637856170378,61.835313841594605],[24.174843618007465,61.82969489106934],[24.18206944229169,61.825229065616355],[24.193496370127864,61.82365726845907],[24.204670746398296,61.82559207264858],[24.211237139117674,61.830279419562544],[24.21063333423617,61.8358919771083],[24.20309145614136,61.84024076704992],[24.192848306369555,61.84164979748304]]]}"
Dfc,ENF,809.3,4.7,24.10825107,7.824357475,IT-Ren,EuropFlux_FLUXNET2023,1577836800000,"{""type"":""Polygon"",""coordinates"":[[[11.43368802956586,46.59585844092211],[11.425918685096207,46.594103399108164],[11.421180442007943,46.58952300770882],[11.421320783545918,46.58390404547938],[11.426283664597985,46.57943789220184],[11.43413321629517,46.57786591256018],[11.441809220331196,46.57980093641298],[11.446319036207692,46.584488596004725],[11.445903321949213,46.5901011190828],[11.4407229001618,46.594449575847754],[11.43368802956586,46.59585844092211]]]}"
Dfc,WET,523,1.2,9.157536285,6.048051854,SE-Deg,EuropFlux_FLUXNET2023,1577836800000,"{""type"":""Polygon"",""coordinates"":[[[19.55653811795869,64.19102974681526],[19.544276278115845,64.18927445369087],[19.536799818354684,64.18469366234287],[19.537023225135606,64.1790747147094],[19.544855321498353,64.1746089699005],[19.557240525516633,64.17303721762842],[19.569352022458077,64.17497196778757],[19.57646941712077,64.17965923778165],[19.575815341263617,64.18527180379395],[19.567640854303317,64.18962067569848],[19.55653811795869,64.19102974681526]]]}"
Dfc,ENF,614,1.8,14.48570173,10.39098697,SE-Svb,EuropFlux_FLUXNET2023,1577836800000,"{""type"":""Polygon"",""coordinates"":[[[19.77449897745112,64.26510879261615],[19.762204260329018,64.2633534977908],[19.75470776499467,64.25877270373616],[19.75493178378218,64.25315375620193],[19.76278487677534,64.24868801415728],[19.775203266987923,64.24711626342373],[19.787347217541697,64.24905101173088],[19.794483694841166,64.25373827908834],[19.793827878925484,64.25935084539076],[19.785631483667935,64.26369972010478],[19.77449897745112,64.26510879261615]]]}"
Dfc,GRA,918,2.3,19.03494033,8.97167546,CH-Aws,EuropFlux_FLUXNET2020,1577836800000,"{""type"":""Polygon"",""coordinates"":[[[9.790415650248931,46.59219305985617],[9.782646831211903,46.590438018075915],[9.777908908430607,46.58585762673021],[9.778049240314704,46.58023866449882],[9.783011785773835,46.575772511166505],[9.790860806887816,46.574200531494355],[9.798536292061192,46.576135555383864],[9.803045802956104,46.58082321502785],[9.802630116640447,46.58643573810017],[9.797450045078188,46.590784194809444],[9.790415650248931,46.59219305985617]]]}"
Dfc,GRA,920,2.9,16.60539837,8.516130813,IT-Tor,EuropFlux_FLUXNET2020,1577836800000,"{""type"":""Polygon"",""coordinates"":[[[7.5780549580870264,45.853440411028636],[7.570389973624353,45.85168537594844],[7.565715349237734,45.84710499526698],[7.565853773583895,45.841486032648156],[7.570750000014077,45.837019868424356],[7.578494168312397,45.835447882688825],[7.586067116878491,45.837382913877015],[7.590516358118931,45.84207058390904],[7.590106194036784,45.84768310583483],[7.584995333199119,45.85203155147505],[7.5780549580870264,45.853440411028636]]]}"
Dfd,WET,274,-2.4,12.81280787,10.86637041,US-BZB,AmeriFlux_FLUXNET,1577836800000,"{""type"":""Polygon"",""coordinates"":[[[-148.32079974013195,64.70450415132166],[-148.33329358401818,64.70274884621637],[-148.34091142707388,64.69816803580396],[-148.34068370025412,64.69254908886944],[-148.33270343797795,64.68808336353096],[-148.32008405221183,64.68651162209552],[-148.3077435429791,64.68844635921012],[-148.3004914885871,64.6931336106328],[-148.301157842077,64.6987461786885],[-148.30948692763752,64.703095070382],[-148.32079974013195,64.70450415132166]]]}"
Dfd,WET,274,-2.4,14.48547708,11.19773594,US-BZF,AmeriFlux_FLUXNET,1577836800000,"{""type"":""Polygon"",""coordinates"":[[[-148.31210449307773,64.71030098269112],[-148.32460101205018,64.70854567744799],[-148.33222048528893,64.70396486681624],[-148.33199270863977,64.69834591988976],[-148.3240107379644,64.69388019477529],[-148.31138865203235,64.69230845346453],[-148.29904550223756,64.69424319042903],[-148.29179189517404,64.69893044163804],[-148.2924583902105,64.70454300971727],[-148.30078925833257,64.70889190163845],[-148.31210449307773,64.71030098269112]]]}"
Dfd,ENF,274,-2.4,14.02191913,11.20883289,US-BZS,AmeriFlux_FLUXNET,1577836800000,"{""type"":""Polygon"",""coordinates"":[[[-148.32350195537032,64.70529341220812],[-148.33599616340496,64.70353810708406],[-148.3436142283707,64.6989572966418],[-148.3433864947679,64.69333834970837],[-148.33540599993444,64.68887262440037],[-148.32278624660586,64.6873008829819],[-148.31044537792434,64.68923562007606],[-148.3031931121736,64.69392287146968],[-148.30385948493168,64.69953543952857],[-148.31218881314493,64.70388433125308],[-148.32350195537032,64.70529341220812]]]}"
Dwc,ENF,263,-2.9,13.39530052,11.59354549,US-Uaf,AmeriFlux_BASE,1577836800000,"{""type"":""Polygon"",""coordinates"":[[[-147.85550146340697,64.87530109897178],[-147.86807466311495,64.87354578978004],[-147.87574086503392,64.8689649728652],[-147.87551165986454,64.86334602616914],[-147.8674807183591,64.85888030747158],[-147.8547812330791,64.85730856973224],[-147.8423623924491,64.85924330239767],[-147.8350642784255,64.86393054748605],[-147.83573483067835,64.86954311623865],[-147.84411679539215,64.87389201468176],[-147.85550146340697,64.87530109897178]]]}"
ET,OSH,378,-1,8.104150588,10.24285871,US-EML,AmeriFlux_FLUXNET,1577836800000,"{""type"":""Polygon"",""coordinates"":[[[-149.25359908950227,63.88739617878295],[-149.26572820026067,63.885640892536486],[-149.27312377375554,63.881060112132964],[-149.27290283708703,63.87544116409841],[-149.26515550652124,63.8709754081119],[-149.2529042797592,63.869403649618704],[-149.2409238025001,63.871338407266514],[-149.23388344652682,63.87602568792204],[-149.2345304969249,63.881638252761135],[-149.24261653728604,63.88598711330523],[-149.25359908950227,63.88739617878295]]]}"
ET,OSH,318,-7.4,2.981861821,3.337661518,US-ICh,AmeriFlux_FLUXNET,1577836800000,"{""type"":""Polygon"",""coordinates"":[[[-149.2958089400742,68.6157957221496],[-149.31044988549715,68.61404030815812],[-149.31937605113538,68.60945932449336],[-149.31910819849674,68.60384038392388],[-149.3097567592276,68.59937483552731],[-149.29497036317957,68.5978031925662],[-149.28051067028673,68.59973781114223],[-149.2720124071251,68.60442489379126],[-149.27279223151095,68.61003748040373],[-149.28255195447218,68.61438655193638],[-149.2958089400742,68.6157957221496]]]}"
ET,WET,318,-7.4,3.02965314,3.295967018,US-ICs,AmeriFlux_FLUXNET,1577836800000,"{""type"":""Polygon"",""coordinates"":[[[-149.31100555646435,68.61479688351363],[-149.32564585016308,68.61304146955476],[-149.33457161871073,68.60846048594189],[-149.3343037782917,68.60284154537048],[-149.32495275521495,68.59837599692094],[-149.3101670168668,68.59680435393035],[-149.29570796716075,68.59873897254187],[-149.2872100822661,68.60342605524143],[-149.28798987225156,68.60903864184833],[-149.29774916099169,68.61338771332713],[-149.31100555646435,68.61479688351363]]]}"
ET,OSH,318,-7.4,2.997579405,3.345606812,US-ICt,AmeriFlux_FLUXNET,1577836800000,"{""type"":""Polygon"",""coordinates"":[[[-149.3040939498315,68.61530076193266],[-149.318734572294,68.61354534795734],[-149.32766054115487,68.60896436431828],[-149.32739269457167,68.60334542374785],[-149.31804146154573,68.59887987532505],[-149.30325539141933,68.59730823234932],[-149.2887960172562,68.59924285094294],[-149.28029794154392,68.60392993361701],[-149.28107774888272,68.60954252022671],[-149.2908372566667,68.61389159173268],[-149.3040939498315,68.61530076193266]]]}"
BWh,OSH,NA,,0.00137209046,0.03988731642,ES-Agu,EuropFlux_FLUXNET2020,1577836800000,"{""type"":""Polygon"",""coordinates"":[[[-2.03320738913761,36.949043680998344],[-2.039887663254805,36.94728871508295],[-2.0439619839249286,36.94270844449325],[-2.0438416300127216,36.937089477879994],[-2.039574342021477,36.932623201218554],[-2.0328245735065176,36.931051152885644],[-2.0262240571082133,36.93298625942411],[-2.022346381854178,36.93767403669574],[-2.0227041554191727,36.94328654678017],[-2.0271586449352914,36.94763487815061],[-2.03320738913761,36.949043680998344]]]}"
Bsh,CSH,333,8.4,0.2501864983,0.4207967355,US-Rls,AmeriFlux_FLUXNET,1577836800000,"{""type"":""Polygon"",""coordinates"":[[[-116.73560465724823,43.15290179463652],[-116.74292257314447,43.15114678261918],[-116.74738561903577,43.14656643864669],[-116.7472535674268,43.14094747469488],[-116.74257901413776,43.136481272979935],[-116.73518532333573,43.13490926637243],[-116.72795510998228,43.136844322684844],[-116.72370732118523,43.141532028474955],[-116.72409902371128,43.14714454645342],[-116.72897854428582,43.15149295399141],[-116.73560465724823,43.15290179463652]]]}"
Bsh,DBF,288,17,6.598968397,3.035826725,US-CMW,AmeriFlux_BASE,1577836800000,"{""type"":""Polygon"",""coordinates"":[[[-110.1776983790675,31.672700881982173],[-110.1839713691543,31.670945949695675],[-110.18779739512972,31.666365732636997],[-110.1876845101349,31.660746764084994],[-110.18367735740968,31.65628043275176],[-110.17733888923046,31.654708353979917],[-110.1711405866722,31.656643497158505],[-110.16749931606334,31.661331326573908],[-110.16783541505616,31.666943830897146],[-110.17201842031751,31.671292106705543],[-110.1776983790675,31.672700881982173]]]}"
Bsk,OSH,290,8.9,0.02185836552,0.0460963442,US-Rws,AmeriFlux_FLUXNET,1577836800000,"{""type"":""Polygon"",""coordinates"":[[[-116.7132021335557,43.176499357411366],[-116.72052287659282,43.17474434520147],[-116.7249876459697,43.1701640009225],[-116.72485554246877,43.16454503698182],[-116.72017918347636,43.160078835579874],[-116.71278263773335,43.158506829146646],[-116.70554963250765,43.16044188524929],[-116.70130020272374,43.16512959074086],[-116.70169205565328,43.170742108752286],[-116.70657346068661,43.175090516608385],[-116.7132021335557,43.176499357411366]]]}"
Cfb,MF,750,9.8,20.32697944,7.112100747,BE-Bra,EuropFlux_FLUXNET2023,1577836800000,"{""type"":""Polygon"",""coordinates"":[[[4.519838468894865,51.31661062598207],[4.5112969386988055,51.31485553650698],[4.506087977999851,51.310275069249094],[4.5062425209652295,51.304656109778286],[4.511698592191383,51.30019003397555],[4.520327875625178,51.298618097463674],[4.528766388036,51.30055306939974],[4.533724409540252,51.305240655097435],[4.533267644634423,51.31085318632857],[4.527572535703991,51.315201721831876],[4.519838468894865,51.31661062598207]]]}"
Cfb,GRA,NA,,5.388118879,3.367928893,BE-Dor,EuropFlux_FLUXNET2023,1577836800000,"{""type"":""Polygon"",""coordinates"":[[[4.96811189779778,50.32087552434341],[4.959750569176377,50.31912044569904],[4.954651455624187,50.31453999567925],[4.9548026818908175,50.30892103558116],[4.960143660161246,50.30445494217305],[4.968590985371891,50.30288299586056],[4.976851558641988,50.30481797959398],[4.981704984577231,50.3095055820834],[4.981257796766434,50.31511811146223],[4.975682796181584,50.31946662907297],[4.96811189779778,50.32087552434341]]]}"
Csa,WSA,559,15.8,3.747231822,3.104141387,US-Ton,AmeriFlux_FLUXNET,1577836800000,"{""type"":""Polygon"",""coordinates"":[[[-120.96600287676394,38.439899527207444],[-120.97281883292443,38.43814455095415],[-120.97697587005263,38.43356426390877],[-120.976853027842,38.42794529789197],[-120.97249907877541,38.423479038036845],[-120.9656122904217,38.421906999060795],[-120.95887778123613,38.42384209433616],[-120.95492135047306,38.42852985557852],[-120.95528634455536,38.43414236743351],[-120.95983127587768,38.43849071588403],[-120.96600287676394,38.439899527207444]]]}"
Csa,GRA,559,15.8,4.268012798,3.668894361,US-Var,AmeriFlux_FLUXNET,1577836800000,"{""type"":""Polygon"",""coordinates"":[[[-120.95079734217165,38.42229945534948],[-120.95761163732591,38.42054447922069],[-120.9617676618489,38.41596419237351],[-120.9616448501016,38.41034522634951],[-120.95729196193093,38.40587896629199],[-120.95040685095752,38.404306927203244],[-120.94367398209559,38.40624202261426],[-120.93971851544956,38.410929784049664],[-120.94008342114097,38.41654229588334],[-120.94462724528495,38.42089064412814],[-120.95079734217165,38.42229945534948]]]}"
Csa,GRA,358,15.6,8.234752314,6.586278125,US-Snd,AmeriFlux_BASE,1577836800000,"{""type"":""Polygon"",""coordinates"":[[[-121.75399737852464,38.04559905745543],[-121.7607764684953,38.04384408397703],[-121.76491103074562,38.03926380134867],[-121.76478886466006,38.033644835171735],[-121.76045846228074,38.02917857080549],[-121.75360890356055,38.027606529317886],[-121.74691080153075,38.029541627616474],[-121.74297576943741,38.03422939316138],[-121.7433388016625,38.039841904541156],[-121.74785915904882,38.044190248407055],[-121.75399737852464,38.04559905745543]]]}"
Csa,MF,700,13.6,15.72426796,5.882317481,FR-FBn,EuropFlux_FLUXNET2023,1577836800000,"{""type"":""Polygon"",""coordinates"":[[[5.678651814260166,43.249789142325795],[5.671322268753046,43.248034129516945],[5.666852133203651,43.2434537842846],[5.666984398275175,43.237834820378524],[5.6716663794310715,43.23336861995028],[5.679071814198256,43.231796614059114],[5.686313512079999,43.23373166950925],[5.690568051173108,43.23841937407214],[5.690175729955373,43.244031892186094],[5.6852884575498335,43.24838030103175],[5.678651814260166,43.249789142325795]]]}"
Csa,EBF,805,15.2,16.35533378,5.81268856,IT-Cp2,EuropFlux_FLUXNET2023,1577836800000,"{""type"":""Polygon"",""coordinates"":[[[12.357292712563996,41.71326318312731],[12.350140980582852,41.711508182584396],[12.345779244374343,41.70692785687599],[12.345908246182695,41.70130889226138],[12.35047665718045,41.69684267189317],[12.357702529100886,41.6952706549009],[12.364768630905484,41.69720572371376],[12.368919959802918,41.701893447294815],[12.368537098758186,41.70750596330894],[12.363768350088039,41.71185435188968],[12.357292712563996,41.71326318312731]]]}"
Csa,ENF,285,18.2,0.1574581745,1.469629187,IL-Yat,EuropFlux_FLUXNET2020,1577836800000,"{""type"":""Polygon"",""coordinates"":[[[35.05199008340102,31.354044602500814],[35.04573844601188,31.352289672117653],[35.04192543733059,31.34770945808878],[35.04203793067655,31.342090489427097],[35.046031445297864,31.337624154999503],[35.05234835034357,31.33605207450481],[35.05852556613884,31.337987219757235],[35.062154442756615,31.342675052123912],[35.06181948001791,31.348287556121008],[35.0576507078173,31.352635828784653],[35.05199008340102,31.354044602500814]]]}"
Csb,ENF,523,6.28,21.57729916,4.499630376,US-Me2,AmeriFlux_FLUXNET,1577836800000,"{""type"":""Polygon"",""coordinates"":[[[-121.55889833013325,44.4615989037113],[-121.56637834971878,44.45984388078416],[-121.57094021708365,44.45526351944653],[-121.57080518958678,44.44964455612516],[-121.56602710030961,44.44517837214537],[-121.5584697126218,44.4436063754114],[-121.55107941859437,44.44554141983875],[-121.54673753830198,44.45022910871355],[-121.54713786420935,44.455841628559426],[-121.55212543624204,44.46019005412161],[-121.55889833013325,44.4615989037113]]]}"
Csb,OSH,400,16,0.7187184691,1.190005394,ES-LJu,EuropFlux_FLUXNET2020,1577836800000,"{""type"":""Polygon"",""coordinates"":[[[-2.752117038277315,36.9355905731201],[-2.75879613307171,36.93383560729613],[-2.7628697347849966,36.92925533685195],[-2.762749402499484,36.92363637023343],[-2.7584828677502973,36.91917009342336],[-2.7517342901879007,36.9175980450077],[-2.7451349384314847,36.91953315164577],[-2.741257947705611,36.92422092905916],[-2.741615658510038,36.92983343912793],[-2.7460693619221446,36.93418177034732],[-2.752117038277315,36.9355905731201]]]}"
Am,EBF,2074.79,26.13,37.3025191,7.431964987,BR-Sa1,AmeriFlux_BASE,1577836800000,"{""type"":""Polygon"",""coordinates"":[[[-54.958902066634224,-2.847701928433357],[-54.964247476175935,-2.8494566948925932],[-54.967508210284606,-2.8540366479571784],[-54.96741256872171,-2.8596556260369392],[-54.96399780907408,-2.864122226991],[-54.95859567630795,-2.8656944558909094],[-54.95331303821622,-2.86375913200022],[-54.95021015621802,-2.8590710454362713],[-54.950497137516734,-2.8534585695580565],[-54.95406201699437,-2.8491105677549458],[-54.958902066634224,-2.847701928433357]]]}"
Am,EBF,3041,25.7,35.39925693,8.711868735,GF-Guy,EuropFlux_FLUXNET2020,1577836800000,"{""type"":""Polygon"",""coordinates"":[[[-52.924802857285925,5.287700529424922],[-52.93016445890113,5.285945727572551],[-52.93343497209364,5.281365718158869],[-52.93333892279081,5.275746742108125],[-52.9299138493659,5.271280198704307],[-52.92449555124855,5.269708001851093],[-52.91919709795359,5.2716432871666745],[-52.916084825890444,5.276331318843273],[-52.916372552122525,5.281943800797644],[-52.919948142212824,5.286291861086029],[-52.924802857285925,5.287700529424922]]]}"
Bsh,CSH,800,5.4,8.437384252,5.760725611,US-Rms,AmeriFlux_FLUXNET,1577836800000,"{""type"":""Polygon"",""coordinates"":[[[-116.74859401861691,43.07349858217781],[-116.75590244660353,43.07174357080727],[-116.76035970846024,43.067163227864306],[-116.76022783099911,43.061544263875135],[-116.75555933766695,43.05707806110872],[-116.74817522807554,43.05550605391585],[-116.74095438427324,43.05744111093289],[-116.73671210264257,43.062128817725856],[-116.73710330041094,43.06774133559361],[-116.74197649672368,43.072089742062985],[-116.74859401861691,43.07349858217781]]]}"
Bsh,CSH,505,6.5,1.135819683,1.391140062,US-Rwf,AmeriFlux_FLUXNET,1577836800000,"{""type"":""Polygon"",""coordinates"":[[[-116.72309687879331,43.129701091855445],[-116.73041201843232,43.12794608002727],[-116.7348733718575,43.123365736355865],[-116.73474137120631,43.11774677239314],[-116.73006859112115,43.11328057037068],[-116.72267770387661,43.11170856359199],[-116.71545023214699,43.113643620110466],[-116.71120405480187,43.11833132619387],[-116.71159560963113,43.12394384413996],[-116.71647327966367,43.128292251365416],[-116.72309687879331,43.129701091855445]]]}"
Cfa,GRA,1014,12,9.39895647,5.158661451,US-KFS,AmeriFlux_FLUXNET,1577836800000,"{""type"":""Polygon"",""coordinates"":[[[-95.19069541124432,39.065096708607925],[-95.19757132357843,39.06334172789201],[-95.20176491197323,39.058761433743186],[-95.20164097011103,39.0531424679839],[-95.19724872664143,39.048676215383615],[-95.19030139113433,39.04710418044662],[-95.18350767240067,39.049039270860064],[-95.17951644058547,39.05372702518301],[-95.1798846252131,39.05933953780224],[-95.18446952154436,39.06368789362577],[-95.19069541124432,39.065096708607925]]]}"
Cfa,GRA,867,12.77,4.487598776,3.17176128,US-Kon,AmeriFlux_FLUXNET,1577836800000,"{""type"":""Polygon"",""coordinates"":[[[-96.56030384070918,39.0914009457222],[-96.5671823167526,39.0896459648168],[-96.57137746806796,39.08506567036636],[-96.57125347918327,39.07944670461801],[-96.5668595982561,39.07498045232576],[-96.55990967377241,39.07340841756027],[-96.55311342325763,39.07534350776727],[-96.54912070335926,39.08003126179643],[-96.54948902441193,39.08564377444811],[-96.55407562963458,39.08999213058469],[-96.56030384070918,39.0914009457222]]]}"
Cfa,DBF,986,12.11,24.28512772,6.142318232,US-MOz,AmeriFlux_FLUXNET,1577836800000,"{""type"":""Polygon"",""coordinates"":[[[-92.19999863020344,38.753097866999376],[-92.20684438880411,38.75134288852026],[-92.21101959449334,38.74676259793189],[-92.21089620568773,38.741143632043524],[-92.20652322160392,38.736677375806906],[-92.19960633703586,38.73510533884542],[-92.19284239652089,38.737040431695796],[-92.18886866718363,38.74172818948696],[-92.18923524720142,38.74734070172315],[-92.19380004395428,38.75168905385108],[-92.19999863020344,38.753097866999376]]]}"
Cfa,WET,1311,16.6,22.41752336,7.252490154,US-NC4,AmeriFlux_FLUXNET,1577836800000,"{""type"":""Polygon"",""coordinates"":[[[-75.9037991339875,35.79689669170795],[-75.91038119806029,35.795141733507975],[-75.91439564638324,35.790561475199645],[-75.91427709342774,35.78494250814139],[-75.91007253291761,35.780476218936855],[-75.90342194300504,35.77890416362059],[-75.89691841414027,35.78083927856512],[-75.8930977440973,35.78552706779987],[-75.8934502911288,35.791139576562735],[-75.89783931651,35.7954878951858],[-75.9037991339875,35.79689669170795]]]}"
Cfa,CSH,1138,11.04,19.45107761,5.517183635,US-Ced,AmeriFlux_BASE,1577836800000,"{""type"":""Polygon"",""coordinates"":[[[-74.37909871078274,39.846897519005424],[-74.38605227530113,39.845142532596455],[-74.39029320293642,39.840562229385654],[-74.39016783674212,39.834943263954976],[-74.38572599634158,39.830477020609756],[-74.37870024344406,39.82890499082542],[-74.37182983970634,39.83084007503646],[-74.36779353534924,39.83552782053224],[-74.3681658520829,39.84114033412636],[-74.37280250897035,39.84548869935573],[-74.37909871078274,39.846897519005424]]]}"
Cfa,SAV,1310,20,21.89044455,6.214971773,US-LL1,AmeriFlux_BASE,1577836800000,"{""type"":""Polygon"",""coordinates"":[[[-84.53289988318015,31.28819705724459],[-84.5391471503828,31.286442127253117],[-84.54295749485904,31.281861913847766],[-84.54284508167268,31.27624294516352],[-84.53885435831675,31.271776610099106],[-84.53254186652318,31.270204529249877],[-84.52636896648306,31.272139674929075],[-84.52274262650256,31.276827507903114],[-84.5230773566901,31.282440011833092],[-84.5272432158585,31.28678828384956],[-84.53289988318015,31.28819705724459]]]}"
Cfa,SAV,1310,20,23.37974774,7.620962227,US-LL2,AmeriFlux_BASE,1577836800000,"{""type"":""Polygon"",""coordinates"":[[[-84.44489952389038,31.20999780207031],[-84.45114161977607,31.208242872543295],[-84.45494881165332,31.20366265987729],[-84.45483649332219,31.19804369116629],[-84.45084907291844,31.19357735534676],[-84.44454180340055,31.1920052740771],[-84.43837401026637,31.19394042026239],[-84.43475067193239,31.198628253956606],[-84.43508512693916,31.20424075780699],[-84.43924753906707,31.20858902905607],[-84.44489952389038,31.20999780207031]]]}"
Cfa,SAV,1310,20,18.6490821,6.31747963,US-LL3,AmeriFlux_BASE,1577836800000,"{""type"":""Polygon"",""coordinates"":[[[-84.47869950987551,31.27779843358796],[-84.48494608825237,31.276043503658293],[-84.48875601279846,31.27146329035132],[-84.48864361224688,31.265844321663522],[-84.48465332884827,31.261377986498626],[-84.47834153266838,31.25980590559344],[-84.47216931287456,31.26174105133999],[-84.46854337271706,31.266428884409862],[-84.46887806625013,31.27204138832924],[-84.47304346626844,31.276389660243595],[-84.47869950987551,31.27779843358796]]]}"
Cfa,ENF,1320,16.6,18.40304181,7.269491477,US-NC2,AmeriFlux_BASE,1577836800000,"{""type"":""Polygon"",""coordinates"":[[[-76.66850375094609,35.81199966697597],[-76.67508706659052,35.810244708676336],[-76.67910227791653,35.80566445020933],[-76.67898370201033,35.80004548315682],[-76.67477834211205,35.79557919411434],[-76.66812648828405,35.79400713888829],[-76.66162172342646,35.79594225372421],[-76.65780032691902,35.800630042804414],[-76.65815294055695,35.80624255158435],[-76.66254280020195,35.8105908703721],[-76.66850375094609,35.81199966697597]]]}"
Cfa,ENF,1312.35,20.25,13.45271011,6.471716369,US-SP3,AmeriFlux_BASE,1577836800000,"{""type"":""Polygon"",""coordinates"":[[[-82.16329791057058,29.763799852911475],[-82.16944793295262,29.762044931839462],[-82.17319899407401,29.757464732632595],[-82.17308836481654,29.751845763434545],[-82.16915975227664,29.747379413869055],[-82.16294546321168,29.74580732494605],[-82.15686859643303,29.747742480343845],[-82.15329870135758,29.75243032714836],[-82.15362825708694,29.758042829549822],[-82.15772929601155,29.76239108682917],[-82.16329791057058,29.763799852911475]]]}"
Cfb,ENF,1369,9.93,21.52961167,9.010245773,CA-Ca1,AmeriFlux_FLUXNET,1577836800000,"{""type"":""Polygon"",""coordinates"":[[[-125.33360317659309,49.876298690213794],[-125.34188727825881,49.87454361625959],[-125.34693931544864,49.86996317370468],[-125.34678951008989,49.86434421333504],[-125.34149785603482,49.859878112303],[-125.33312851143499,49.858306161746356],[-125.32494419631365,49.86024115058859],[-125.32013559575957,49.8649287603496],[-125.32057867870394,49.870541288926226],[-125.3261022054429,49.874889798788686],[-125.33360317659309,49.876298690213794]]]}"
Cfb,EBF,2110,10,21.55071853,10.5492748,CL-SDF,AmeriFlux_FLUXNET,1577836800000,"{""type"":""Polygon"",""coordinates"":[[[-73.67600103397857,-41.873999598749634],[-73.68317111574171,-41.87575415460307],[-73.68754569294069,-41.88033377232088],[-73.68741834328272,-41.88595276242341],[-73.68283770569967,-41.890419705874],[-73.6755899577145,-41.891992125515095],[-73.66850258838545,-41.89005657202772],[-73.66434045612088,-41.88536815882265],[-73.66472638934684,-41.87975571915688],[-73.6695088515014,-41.875408065405644],[-73.67600103397857,-41.873999598749634]]]}"
Cfb,ENF,1676,9.94,24.83058992,8.552579447,CA-Ca3,AmeriFlux_BASE,1577836800000,"{""type"":""Polygon"",""coordinates"":[[[-124.90039705014975,49.54359624241408],[-124.90862460687731,49.54184117191366],[-124.91364217499012,49.53726073485583],[-124.91349340982364,49.53164177428622],[-124.90823787059831,49.52717566764001],[-124.89992562306749,49.52560371395798],[-124.89179714382422,49.527538706562346],[-124.88702136405776,49.53222632167806],[-124.88746144125818,49.537838849663935],[-124.89294727913506,49.542187353820616],[-124.90039705014975,49.54359624241408]]]}"
Cfb,WET,2110,10,18.52086325,10.33425377,CL-SDP,AmeriFlux_BASE,1577836800000,"{""type"":""Polygon"",""coordinates"":[[[-73.66599927031568,-41.87000424420573],[-73.67316890389534,-41.87175880009046],[-73.67754320753463,-41.87633841785808],[-73.6774158656974,-41.88195740795883],[-73.67283551447379,-41.88642435135855],[-73.66558821976159,-41.88799677097129],[-73.65850129366669,-41.886061217518034],[-73.654339421577,-41.88137280436148],[-73.6547253305322,-41.87576036469032],[-73.65950749364333,-41.87141271088739],[-73.66599927031568,-41.87000424420573]]]}"
Cfb,CSH,816.4,10.9,12.51372303,7.201637455,BE-Maa,EuropFlux_FLUXNET2023,1577836800000,"{""type"":""Polygon"",""coordinates"":[[[5.631849089603198,50.98886669855381],[5.623368007351863,50.98711161269485],[5.618195894317236,50.982531151192326],[5.618349324527734,50.97691219151206],[5.623766788298249,50.97244610983133],[5.632335034830098,50.97087417004728],[5.640713858507081,50.97280914592218],[5.6456367938326695,50.97749673722622],[5.645183241337133,50.983109267838934],[5.639528422167483,50.98745779736835],[5.631849089603198,50.98886669855381]]]}"
Cfb,MF,1062,7.8,25.12945726,8.153777858,BE-Vie,EuropFlux_FLUXNET2023,1577836800000,"{""type"":""Polygon"",""coordinates"":[[[5.998097354627973,50.3139594586095],[5.989737242278433,50.312204380038764],[5.98463887014494,50.307623930136174],[5.984790074030968,50.30200497003382],[5.990130275479238,50.29753887650603],[5.998576372552289,50.2959669301269],[6.006835744812166,50.29790191394053],[6.011688464778417,50.3025895165441],[6.011241341614072,50.30820204591035],[6.005667151705478,50.31255056339945],[5.998097354627973,50.3139594586095]]]}"
Cfb,DBF,563,9.1,27.01101563,7.560955465,DE-HoH,EuropFlux_FLUXNET2023,1577836800000,"{""type"":""Polygon"",""coordinates"":[[[11.22234893513779,52.095557611705374],[11.213659064678712,52.09380251342449],[11.20835967984954,52.08922203215153],[11.208516954316288,52.083603073190886],[11.214067768681458,52.07913701170182],[11.222846836372991,52.07756508315806],[11.23143182469283,52.079500045502634],[11.236475948203047,52.08418761754813],[11.236011300813466,52.08980015028507],[11.230217320722986,52.09414870033558],[11.22234893513779,52.095557611705374]]]}"
Cfb,DBF,660,8.2,13.53600377,5.83276837,DK-Sor,EuropFlux_FLUXNET2023,1577836800000,"{""type"":""Polygon"",""coordinates"":[[[11.644643641303333,55.494868576879824],[11.635219544814042,55.49311343622354],[11.629472610063312,55.48853288750874],[11.629643421198422,55.48291393100526],[11.63566317258546,55.47844793839482],[11.645183585236193,55.47687604819341],[11.654493545170087,55.478810964383925],[11.659963838480602,55.483498470733544],[11.659460193610304,55.489111010714375],[11.65317685266184,55.49345963076769],[11.644643641303333,55.494868576879824]]]}"
Cfb,ENF,930,12.8,7.770716698,5.176532088,FR-Bil,EuropFlux_FLUXNET2023,1577836800000,"{""type"":""Polygon"",""coordinates"":[[[-0.9560936932735448,44.50265384711038],[-0.9635789781277648,44.50089882383313],[-0.9681440552857212,44.496318461938245],[-0.9680089311123515,44.4906994986371],[-0.9632274789007055,44.48623331522644],[-0.9556647742245148,44.484661318809316],[-0.9482692806647199,44.48659636285527],[-0.9439243442001247,44.49128405118725],[-0.9443249501844283,44.496896571093046],[-0.9493160318096346,44.50124499723365],[-0.9560936932735448,44.50265384711038]]]}"
Cfb,DBF,720,10.2,19.12777793,5.692696625,FR-Fon,EuropFlux_FLUXNET2023,1577836800000,"{""type"":""Polygon"",""coordinates"":[[[2.7800978973876878,48.48535792130926],[2.7720433956872554,48.48360286148937],[2.7671313205196943,48.479022441430935],[2.767276903147244,48.47340348024315],[2.772421913174718,48.46893735623534],[2.7805594142818673,48.46736539288822],[2.788517007055062,48.46930039712677],[2.793192339165584,48.47398802880166],[2.792761462011538,48.47960055496047],[2.7873909711061917,48.48394904147243],[2.7800978973876878,48.48535792130926]]]}"
Cfb,DBF,820,9.2,20.34569753,6.865293189,FR-Hes,EuropFlux_FLUXNET2023,1577836800000,"{""type"":""Polygon"",""coordinates"":[[[7.064651899197481,48.68309675752431],[7.056565824904377,48.68134169574291],[7.0516345032510905,48.676761272562445],[7.051780666402745,48.67114231148818],[7.056945841681142,48.666676190668916],[7.065115224142356,48.665104229096826],[7.073103994039382,48.66703923119871],[7.077797652080145,48.67172685983243],[7.0773650963345816,48.67733938632681],[7.071973561159481,48.68168787607929],[7.064651899197481,48.68309675752431]]]}"
Cfb,GRA,1136,9.5,13.54489414,6.332422699,CH-Cha,EuropFlux_FLUXNET2020,1577836800000,"{""type"":""Polygon"",""coordinates"":[[[8.410444269935875,47.219222931789616],[8.40258404863622,47.21746788417768],[8.397790406624527,47.21288748354993],[8.39793241804558,47.20726852165584],[8.402953341929464,47.20280237780334],[8.410894660971666,47.201230403408665],[8.418660405228167,47.20316542094552],[8.423222969546323,47.20785307154786],[8.422802422598071,47.21346559561803],[8.417561427336047,47.21781406196169],[8.410444269935875,47.219222931789616]]]}"
Cfb,MF,1100,8.3,27.18076334,7.857012446,CH-Lae,EuropFlux_FLUXNET2020,1577836800000,"{""type"":""Polygon"",""coordinates"":[[[8.364390674255889,47.48733084172911],[8.356490420184976,47.48557579158141],[8.351672374114235,47.4809953869176],[8.35181512126448,47.47537642517021],[8.356861613961398,47.47091028543975],[8.364843357863814,47.46933831333982],[8.372648634009867,47.47127332811441],[8.377234434894131,47.475960974785245],[8.376811759188776,47.48157349928927],[8.371544080380726,47.485921969822186],[8.364390674255889,47.48733084172911]]]}"
Cfb,WET,558,8.7,7.457784849,5.476883631,DE-Akm,EuropFlux_FLUXNET2020,1577836800000,"{""type"":""Polygon"",""coordinates"":[[[13.683420447656696,53.87516700573142],[13.67436505263607,53.87341188612498],[13.6688428581446,53.86883137091133],[13.669006868119922,53.863212413186815],[13.674791137384466,53.85874638636153],[13.683939279655508,53.8571744771141],[13.69288519095095,53.85910941623099],[13.698141477643848,53.86379695521453],[13.697657412151571,53.86940949159748],[13.691619807692833,53.873758076877444],[13.683420447656696,53.87516700573142]]]}"
Cfb,GRA,1033,7.7,11.72093924,6.581999145,DE-RuR,EuropFlux_FLUXNET2020,1577836800000,"{""type"":""Polygon"",""coordinates"":[[[6.304125459925965,50.630912361488434],[6.295709115224783,50.62915727952104],[6.290576464867267,50.62457682421231],[6.290728703560474,50.618957864306665],[6.2961048200984155,50.61449177630018],[6.3046076979873344,50.612919832994685],[6.312922596880669,50.614854813108465],[6.3178079561693306,50.61954241044591],[6.317357844262042,50.62515494039308],[6.311746174112034,50.629503463493556],[6.304125459925965,50.630912361488434]]]}"
Cfb,ENF,1250,7.5,28.46247901,7.967922176,DE-RuW,EuropFlux_FLUXNET2020,1577836800000,"{""type"":""Polygon"",""coordinates"":[[[6.3309603300656025,50.51392784535129],[6.3225648580176745,50.51217276464288],[6.317444931236672,50.50759231133795],[6.31759678580583,50.50197335135938],[6.322959571175345,50.49750726130641],[6.3314413728595795,50.495935316861676],[6.339735661081163,50.497870298346804],[6.344608905116604,50.502557897636166],[6.344159902569154,50.508170427368015],[6.338562144540789,50.51251894838861],[6.3309603300656025,50.51392784535129]]]}"
Csa,WET,421,15.5,8.709192581,5.974918247,US-Tw1,AmeriFlux_FLUXNET,1577836800000,"{""type"":""Polygon"",""coordinates"":[[[-121.64689423032193,38.116396204880985],[-121.6536798866171,38.114641230906564],[-121.65781845192274,38.11006094748864],[-121.65769616541273,38.10444198134034],[-121.65336156907662,38.099975717780474],[-121.64650537929505,38.098403676741825],[-121.63980079269757,38.100338774499996],[-121.63586194923624,38.105026539275805],[-121.63622533089425,38.110639050740524],[-121.64075006520397,38.11498739542594],[-121.64689423032193,38.116396204880985]]]}"
Csa,ENF,920,14.2,21.8768576,7.010682175,IT-SR2,EuropFlux_FLUXNET2023,1577836800000,"{""type"":""Polygon"",""coordinates"":[[[10.29090961158875,43.7410215507776],[10.283520201819682,43.73926653391653],[10.279013571809116,43.73468618223423],[10.279146935774037,43.72906721856229],[10.28386715239078,43.72460102472144],[10.29133303993332,43.72302902249762],[10.298633855128418,43.724964073533265],[10.302923141851826,43.72965177181329],[10.302527635957578,43.735264290620876],[10.297600460501302,43.739612706161275],[10.29090961158875,43.7410215507776]]]}"
Cwa,WET,NA,NA,4.556493626,6.59620582,US-Elm,AmeriFlux_BASE,1577836800000,"{""type"":""Polygon"",""coordinates"":[[[-80.78259969678581,25.560900909592377],[-80.78851762323325,25.559146011797544],[-80.792127194185,25.55456584964521],[-80.79202082562436,25.548946879107017],[-80.78824045331555,25.544480491697293],[-80.78226054145819,25.5429083817034],[-80.77641287427821,25.544843562464713],[-80.77297769703124,25.549531445363268],[-80.77329490591094,25.55514394377494],[-80.77724123941854,25.55949216259415],[-80.78259969678581,25.560900909592377]]]}"